Name,Cloudiness,Country,Date,Humidity,Latitude,Longitude,Max Temperature,Wind Speed
Motygino,97,RU,1571813334,54,58.18,94.69,272.75,3.26
Portland,90,US,1571813334,93,43.66,-70.25,285.37,3.6
Salisbury,40,GB,1571813123,100,51.07,-1.8,280.37,1.0
Punta Arenas,75,CL,1571813334,70,-53.16,-70.91,279.15,6.2
Beringovskiy,100,RU,1571813335,90,63.05,179.32,272.91,11.58
Port Elizabeth,90,US,1571813335,87,39.31,-74.98,290.15,4.1
San Policarpo,2,PH,1571813335,62,12.18,125.51,302.84,2.93
Rikitea,100,PF,1571813336,85,-23.12,-134.97,294.21,7.64
Arraial do Cabo,30,BR,1571813336,78,-22.97,-42.02,294.87,2.55
Bon Air,90,US,1571813336,93,37.52,-77.56,288.71,2.6
Dikson,100,RU,1571813337,93,73.51,80.55,267.52,8.65
Puerto Ayora,82,EC,1571813337,85,-0.74,-90.35,294.26,2.24
Hobart,20,AU,1571813327,67,-42.88,147.33,294.82,8.7
Quang Ngai,27,VN,1571813338,77,15.12,108.8,300.57,4.29
Ecoporanga,100,BR,1571813338,97,-18.37,-40.83,293.92,1.59
Georgetown,20,GY,1571813078,100,6.8,-58.16,297.15,1.0
Saskylakh,17,RU,1571813338,86,71.97,114.09,259.87,4.56
San Patricio,77,PY,1571813339,90,-26.98,-56.83,285.78,2.16
New Norfolk,20,AU,1571813339,67,-42.78,147.06,294.82,8.7
Ushuaia,21,AR,1571813339,97,-54.81,-68.31,274.12,2.09
Colac,0,AU,1571813340,41,-38.34,143.59,301.48,2.27
Cabo San Lucas,3,MX,1571813340,80,22.89,-109.91,297.04,0.89
Albany,90,US,1571813340,93,42.65,-73.75,286.48,3.84
Severo-Kurilsk,0,RU,1571813340,59,50.68,156.12,279.26,1.98
Marsa Matruh,0,EG,1571813341,70,31.35,27.25,296.71,4.87
Hasaki,75,JP,1571813341,60,35.73,140.83,295.93,5.1
Torbay,90,CA,1571813342,93,47.66,-52.73,279.82,6.2
Thompson,75,CA,1571813342,85,55.74,-97.86,269.15,6.7
Koumac,99,NC,1571813342,75,-20.56,164.28,294.83,1.57
Kodiak,1,US,1571813343,65,39.95,-94.76,282.04,4.6
Saint George,20,GR,1571813343,63,39.45,22.34,290.15,2.1
Victoria,90,BN,1571813318,83,5.28,115.24,303.15,1.0
Bluff,0,AU,1571813343,32,-23.58,149.07,301.0,9.13
Penzance,20,GB,1571813344,100,50.12,-5.53,284.15,3.6
Zambezi,94,ZM,1571813344,58,-13.55,23.12,297.58,4.56
Cabedelo,20,BR,1571813345,94,-6.97,-34.84,295.15,1.5
Ribeira Grande,40,PT,1571813345,93,38.52,-28.7,291.15,3.98
Fairbanks,40,US,1571813345,85,64.84,-147.72,270.93,2.6
Ponta do Sol,63,BR,1571813346,92,-20.63,-46.0,291.07,1.73
Hermanus,30,ZA,1571813346,60,-34.42,19.24,292.04,4.92
Saint-Philippe,90,CA,1571813346,100,45.36,-73.48,285.15,5.1
Grand Gaube,40,MU,1571813346,78,-20.01,57.66,299.15,5.1
Paamiut,89,GL,1571813347,56,61.99,-49.67,275.34,2.75
Kavieng,54,PG,1571813347,71,-2.57,150.8,302.71,5.27
Yellowknife,90,CA,1571813348,94,62.45,-114.38,273.15,2.1
Ketchikan,90,US,1571813348,100,55.34,-131.65,280.15,1.15
Jumla,0,NP,1571813348,18,29.28,82.18,290.48,2.67
Longyearbyen,75,NO,1571813348,72,78.22,15.63,264.15,1.0
Hilo,90,US,1571813349,78,19.71,-155.08,299.15,2.1
Shemonaikha,100,KZ,1571813349,60,50.63,81.92,271.47,4.75
Busselton,45,AU,1571813349,42,-33.64,115.35,294.82,8.2
Axim,95,GH,1571813350,92,4.87,-2.24,296.76,0.92
Half Moon Bay,90,US,1571813350,87,37.46,-122.43,294.26,1.34
Wanganui,47,NZ,1571813350,53,-39.93,175.05,283.15,3.13
Pitimbu,20,BR,1571813351,94,-7.47,-34.81,295.15,1.5
Khatanga,100,RU,1571813351,73,71.98,102.47,264.09,8.86
Lagoa,20,PT,1571813351,87,37.14,-8.45,286.48,2.1
Chuy,23,UY,1571813352,82,-33.69,-53.46,284.17,1.9
Tuktoyaktuk,96,CA,1571813352,81,69.44,-133.03,268.22,3.51
Airai,20,TL,1571813352,27,-8.93,125.41,302.16,4.41
Ancud,0,CL,1571813353,86,-41.87,-73.83,278.15,3.6
Srednekolymsk,80,RU,1571813353,86,67.46,153.71,258.0,1.08
Asosa,42,ET,1571813354,86,10.07,34.53,295.43,0.54
Tura,100,RU,1571813354,88,64.27,100.22,263.82,2.09
Chibuto,93,MZ,1571813354,78,-24.69,33.53,297.1,3.72
Miguel Auza,82,MX,1571813354,68,24.29,-103.45,290.09,3.84
Nantucket,90,US,1571813355,87,41.28,-70.1,289.15,3.1
Manicore,4,BR,1571813355,96,-5.81,-61.3,295.93,0.35
Tasiilaq,23,GL,1571813356,63,65.61,-37.64,270.15,2.6
Port Blair,36,IN,1571813356,75,11.67,92.75,302.05,4.31
Grindavik,40,IS,1571813356,68,63.84,-22.43,271.15,12.3
Berlevag,100,NO,1571813356,59,70.86,29.09,275.15,3.1
Kuytun,100,RU,1571813357,42,54.34,101.51,273.02,3.55
Mataura,90,NZ,1571813357,66,-46.19,168.86,283.15,3.13
Norden,40,DE,1571813357,100,53.59,7.21,281.48,1.0
Horsham,0,AU,1571813358,24,-36.71,142.2,302.16,1.27
Tilichiki,0,RU,1571813358,72,60.47,166.1,261.13,4.29
Port Moresby,40,PG,1571813358,78,-9.47,147.16,301.15,5.1
Koson,15,UZ,1571813358,21,39.04,65.59,294.15,1.0
Hammerfest,75,NO,1571813359,64,70.66,23.68,275.15,10.8
Saldanha,100,PT,1571813359,92,41.42,-6.55,281.11,4.0
Sitka,16,US,1571813359,40,37.17,-99.65,284.26,4.47
Souillac,100,FR,1571813359,100,45.6,-0.6,287.04,3.6
Bambous Virieux,40,MU,1571813360,78,-20.34,57.76,299.15,5.1
Vaini,75,IN,1571813360,94,15.34,74.49,302.15,4.1
Pervomayskoye,100,RU,1571813360,70,57.07,86.23,272.51,7.64
Newcastle,33,AU,1571813164,57,-32.93,151.78,298.15,7.2
Ilulissat,27,GL,1571813361,57,69.22,-51.1,266.15,2.6
Avarua,41,CK,1571813361,76,-21.21,-159.78,298.16,1.9
Barrow,95,AR,1571813361,93,-38.31,-60.23,282.29,4.68
Mareeba,40,AU,1571813362,57,-16.99,145.42,300.37,5.1
Bontang,1,ID,1571813362,68,0.12,117.47,302.51,4.32
Kokoda,98,PG,1571813362,91,-8.88,147.74,291.71,1.39
Cherskiy,92,RU,1571813363,81,68.75,161.3,257.81,3.99
Maebaru,75,JP,1571813363,64,33.55,130.2,297.59,2.6
Butaritari,21,KI,1571813363,68,3.07,172.79,302.62,4.61
Nikolskoye,75,RU,1571813364,71,59.7,30.79,284.15,8.0
Laguna,75,BZ,1571813364,100,16.17,-88.94,297.15,0.69
Jamestown,0,AU,1571813364,11,-33.21,138.6,304.17,2.98
Yeppoon,58,AU,1571813364,38,-23.13,150.74,298.15,5.7
Tuatapere,88,NZ,1571813365,66,-46.13,167.69,283.15,3.13
Mercedes,19,UY,1571813365,93,-33.25,-58.03,283.71,1.79
Meulaboh,58,ID,1571813365,76,4.14,96.13,301.1,4.56
Westport,90,US,1571813366,93,41.14,-73.36,292.04,3.1
Conakry,100,GN,1571813367,82,9.52,-13.7,299.64,4.28
Bredasdorp,0,ZA,1571813367,48,-34.53,20.04,292.04,5.7
Jiuquan,100,CN,1571813367,58,39.73,98.49,274.99,5.21
Changping,38,CN,1571813368,40,40.22,116.23,295.93,2.0
Bathsheba,40,BB,1571813368,78,13.22,-59.52,300.15,5.7
Inhambane,75,MZ,1571813368,83,-23.87,35.38,299.15,6.2
Ambon,90,FR,1571813369,100,47.55,-2.56,285.37,4.6
East London,67,ZA,1571813369,49,-33.02,27.91,294.15,8.7
Atuona,0,PF,1571813369,73,-9.8,-139.03,299.42,6.11
Henties Bay,0,NA,1571813370,85,-22.12,14.28,288.15,1.34
Vardo,90,US,1571813370,93,39.62,-77.74,285.15,2.6
Kapaa,20,US,1571813370,74,22.08,-159.32,300.15,6.2
Cape Town,75,ZA,1571813130,67,-33.93,18.42,290.93,3.1
Port Alfred,80,ZA,1571813371,58,-33.59,26.89,292.59,4.02
Mehamn,100,NO,1571813371,59,71.03,27.85,275.15,3.1
Tornio,20,FI,1571813371,93,61.12,27.27,279.15,3.6
Dzerzhinsk,90,RU,1571813372,93,56.24,43.46,283.15,4.0
Geraldton,90,CA,1571813372,100,49.72,-86.95,278.15,3.1
Upata,13,VE,1571813372,88,8.02,-62.41,297.59,0.45
Farmington,1,US,1571813372,36,36.73,-108.21,281.15,2.6
Talara,54,PE,1571813373,88,-4.58,-81.27,291.14,8.17
Narsaq,98,GL,1571813373,86,60.91,-46.05,274.15,1.0
Mogadishu,89,SO,1571813373,78,2.04,45.34,300.97,4.92
San Quintin,17,PH,1571813374,70,17.54,120.52,302.46,3.1
Kupang,20,ID,1571813374,62,-10.16,123.6,303.15,4.6
Provideniya,75,RU,1571813374,69,64.42,-173.23,274.15,5.0
Lebu,31,ET,1571813375,63,8.96,38.73,287.89,1.46
Lavrentiya,28,RU,1571813375,85,65.58,-170.99,273.24,7.83
Kibala,95,TD,1571813375,88,9.11,18.35,297.15,1.43
Alofi,80,NU,1571813375,88,-19.06,-169.92,297.15,3.6
Pregradnaya,68,RU,1571813376,45,43.95,41.19,286.33,0.86
Dickinson,90,US,1571813314,80,46.88,-102.79,275.93,5.1
Shu,0,KZ,1571813376,29,43.6,73.76,287.08,1.77
Chokurdakh,100,RU,1571813376,95,70.62,147.9,261.91,3.11
Constitucion,99,MX,1571813377,65,23.99,-104.67,288.73,1.66
Carnarvon,0,ZA,1571813377,22,-30.97,22.13,284.88,8.69
Shar,97,NG,1571813377,95,7.3,8.73,296.23,1.44
Megion,90,RU,1571813378,95,61.04,76.11,274.15,4.0
Pevek,100,RU,1571813378,91,69.7,170.27,264.34,4.11
Fengcheng,4,CN,1571813378,47,40.45,124.07,293.43,1.83
Dicabisagan,40,PH,1571813379,71,17.08,122.42,300.94,2.35
Comodoro Rivadavia,0,AR,1571813379,57,-45.87,-67.48,280.15,1.5
Oranjestad,40,AW,1571813198,83,12.52,-70.03,300.15,2.6
San Cristobal,95,HN,1571813379,95,14.68,-86.92,291.65,1.04
Richards Bay,83,ZA,1571813380,76,-28.77,32.06,295.2,14.8
Birao,100,CF,1571813380,91,10.3,22.78,294.56,4.71
Walvis Bay,90,NA,1571813380,82,-22.95,14.51,288.15,2.1
Leningradskiy,77,RU,1571813381,72,69.38,178.42,265.94,3.48
Qiyang,100,CN,1571813381,86,26.59,111.85,290.71,0.33
Iqaluit,90,CA,1571813381,84,63.75,-68.52,273.15,4.1
Esperance,17,AU,1571813382,49,-33.86,121.89,295.15,7.2
Gizo,75,IL,1571813382,47,31.8,34.94,299.15,2.6
Hadejia,45,NG,1571813382,45,12.45,10.04,299.69,2.25
Ygatimi,0,PY,1571813382,84,-24.08,-55.5,286.54,0.96
Saint-Augustin,90,CA,1571813383,93,45.63,-73.98,285.15,4.1
Ust-Omchug,46,RU,1571813383,94,61.13,149.63,257.97,1.3
Yarega,100,RU,1571813383,96,63.43,53.58,273.64,6.0
Sawakin,53,SD,1571813384,73,19.1,37.33,303.23,4.49
Evensk,0,RU,1571813384,48,61.92,159.24,263.88,4.06
Manggar,84,ID,1571813384,76,-2.88,108.27,301.08,6.66
Vila Franca do Campo,20,PT,1571813384,77,37.72,-25.43,292.15,3.6
Tacuarembo,17,UY,1571813385,90,-31.73,-55.98,283.32,1.19
Wuan,57,CN,1571813385,53,31.68,112.0,294.13,1.65
Rio Grande,30,BR,1571813386,93,-32.03,-52.1,286.15,4.5
Baykit,76,RU,1571813386,67,61.68,96.39,268.62,2.47
Broome,20,GB,1571813386,93,52.47,1.45,280.15,1.0
Beidao,48,CN,1571813386,53,34.57,105.89,290.53,3.94
Phan Thiet,51,VN,1571813387,64,10.93,108.1,303.37,3.35
Karratha,0,AU,1571813387,54,-20.74,116.85,302.84,6.18
Pingxiang,99,CN,1571813387,55,27.63,113.85,294.45,1.6
Minab,0,IR,1571813388,18,27.15,57.07,309.15,2.1
Upernavik,96,GL,1571813388,50,72.79,-56.15,267.28,3.35
Khambhaliya,20,IN,1571813388,49,22.21,69.65,305.15,7.2
Visby,75,SE,1571813389,87,57.64,18.3,283.71,6.7
Bourbonnais,1,US,1571813389,63,41.16,-87.88,280.37,4.6
Sao Miguel do Araguaia,61,BR,1571813389,70,-13.28,-50.16,298.2,0.96
Belyy Yar,98,RU,1571813389,61,53.6,91.39,273.15,3.0
Anadyr,75,RU,1571813390,92,64.73,177.51,268.15,3.0
Maria Aurora,84,PH,1571813390,75,15.8,121.47,298.88,1.82
Maragogi,48,BR,1571813390,77,-9.01,-35.22,298.72,6.14
Kloulklubed,75,PW,1571813391,70,7.04,134.26,303.15,3.1
Arlit,9,NE,1571813391,20,18.74,7.39,301.97,4.94
Isangel,75,VU,1571813391,74,-19.55,169.27,299.15,5.1
Vanavara,97,RU,1571813392,68,60.35,102.28,268.95,2.05
Jagdalpur,100,IN,1571813392,93,19.09,82.02,294.82,0.86
Saint-Georges,82,CA,1571813392,89,46.12,-70.67,280.93,1.79
Bilma,0,NE,1571813393,29,18.69,12.92,297.32,6.87
Castro,0,CL,1571813393,86,-42.48,-73.76,278.15,3.6
Te Anau,67,NZ,1571813393,75,-45.41,167.72,278.62,5.45
Buckeye,1,US,1571813394,22,33.37,-112.58,295.15,4.1
Touros,20,BR,1571813394,94,-5.2,-35.46,295.15,2.1
Brive-la-Gaillarde,100,FR,1571813394,92,45.16,1.53,287.59,0.45
Zhoucheng,26,CN,1571813394,41,31.35,119.33,297.15,2.0
Lorengau,100,PG,1571813395,69,-2.02,147.27,302.74,3.8
Ewa Beach,40,US,1571813395,65,21.32,-158.01,300.37,7.7
Evanston,1,US,1571813396,59,42.04,-87.69,280.37,2.1
Dangara,0,IN,1571813396,17,29.68,75.89,305.18,1.83
Hithadhoo,100,MV,1571813396,76,-0.6,73.08,300.92,5.7
Lokosovo,98,RU,1571813397,90,61.13,74.84,273.54,4.81
San Vicente,75,EC,1571813397,83,-0.59,-80.41,295.15,2.6
Kaitangata,96,NZ,1571813397,61,-46.28,169.85,283.15,0.89
La Asuncion,6,AR,1571813398,68,-26.05,-65.39,284.76,1.43
Fortuna,90,US,1571813398,100,40.6,-124.16,287.04,2.1
Ferme-Neuve,100,CA,1571813398,95,46.7,-75.45,283.19,2.91
Jaffna,100,LK,1571813399,77,9.67,80.01,301.64,5.67
Saint-Pierre,90,FR,1571813399,100,48.95,4.24,284.26,3.1
Sao Filipe,73,CV,1571813399,76,14.9,-24.5,296.27,10.34
Kahului,40,US,1571813399,61,20.89,-156.47,300.15,6.7
Qaqortoq,100,GL,1571813400,86,60.72,-46.03,274.15,1.0
Caxito,100,BR,1571813400,98,-22.65,-42.51,290.1,0.53
Zhigansk,98,RU,1571813401,87,66.77,123.37,260.89,1.41
Balabac,91,PH,1571813401,65,7.99,117.06,303.83,3.03
Port Augusta,0,AU,1571813401,11,-32.49,137.76,306.48,5.7
Manoel Urbano,82,BR,1571813402,93,-8.84,-69.26,294.67,0.51
Margate,20,AU,1571813402,67,-43.03,147.26,294.82,8.7
Cayenne,20,GF,1571813402,94,4.94,-52.33,296.15,1.0
Tiebissou,90,CI,1571813403,100,7.16,-5.23,296.15,0.68
Mar del Plata,0,AR,1571813403,56,-46.43,-67.52,281.7,1.64
Wajima,75,JP,1571813403,68,37.4,136.9,292.15,2.6
Cidreira,16,BR,1571813404,75,-30.17,-50.22,290.39,2.06
Lagunas,0,PE,1571813404,74,-5.23,-75.68,297.39,0.92
Ikare,100,NG,1571813404,98,7.49,5.23,294.85,0.78
Tessalit,99,ML,1571813405,17,20.2,1.01,302.76,3.81
Qaanaaq,100,GL,1571813405,52,77.48,-69.36,263.2,5.7
Cockburn Town,17,TC,1571813405,80,21.46,-71.14,301.1,6.97
Caracoli,93,CO,1571813406,98,8.13,-76.58,294.0,1.02
Mastic Beach,90,US,1571813406,93,40.77,-72.85,292.04,7.2
Garhi Yasin,0,PK,1571813406,43,27.91,68.51,305.15,1.94
Porto Walter,48,BR,1571813407,97,-8.27,-72.74,294.43,0.86
Simbahan,4,PH,1571813407,65,6.3,120.58,302.57,1.97
Lakes Entrance,0,AU,1571813407,18,-37.88,147.99,300.37,4.47
Sabang,31,PH,1571813408,74,13.8,121.11,303.71,1.34
Avera,1,US,1571813408,87,33.19,-82.53,286.48,1.5
Taoudenni,32,ML,1571813408,14,22.68,-3.98,301.13,3.93
Barra do Garcas,67,BR,1571813408,79,-15.89,-52.26,295.57,0.34
Cestas,90,FR,1571813409,100,44.74,-0.68,287.04,3.6
Lubango,22,AO,1571813409,24,-14.92,13.49,292.85,3.49
Marawi,76,PH,1571813409,81,8.0,124.29,302.59,2.68
Luderitz,0,NA,1571813410,71,-26.65,15.16,287.15,2.6
Taksimo,100,RU,1571813410,64,56.36,114.84,267.51,0.97
Atar,0,MR,1571813410,29,20.52,-13.05,295.56,3.83
Kiama,0,AU,1571813411,60,-34.67,150.86,296.15,5.1
Iquitos,75,PE,1571813411,83,-3.75,-73.25,296.15,4.6
Miri,68,NG,1571813411,77,10.31,9.75,297.02,1.2
Verkhnetulomskiy,75,RU,1571813412,96,68.61,31.8,273.15,1.0
Petatlan,100,MX,1571813412,81,17.52,-101.27,299.98,3.57
Toyooka,75,JP,1571813412,77,35.55,134.82,293.15,3.1
Valencia,20,ES,1571813238,81,39.47,-0.38,287.04,3.6
Warrington,0,GB,1571813413,93,53.39,-2.59,281.15,4.6
Kropotkin,66,RU,1571813413,62,45.43,40.58,284.82,3.24
Russellville,1,US,1571813413,87,35.28,-93.13,280.37,0.79
Zhezkazgan,100,KZ,1571813414,47,47.8,67.71,276.15,3.0
Saint Anthony,1,US,1571813414,67,43.97,-111.68,279.15,4.1
Malatya,90,TR,1571813414,100,38.35,38.32,284.15,1.0
Necochea,95,AR,1571813414,91,-38.55,-58.74,283.15,5.36
Tome,75,JP,1571813415,64,38.69,141.2,294.15,2.6
Tuburan,40,PH,1571813415,66,10.73,123.82,305.15,4.1
Fort Nelson,5,CA,1571813415,100,58.81,-122.69,270.15,2.6
Onega,100,RU,1571813416,84,63.91,38.09,278.6,12.61
Nanortalik,100,GL,1571813416,94,60.14,-45.24,275.0,3.85
Norman Wells,40,CA,1571813416,92,65.28,-126.83,265.15,1.5
Mananjary,59,MG,1571813417,39,-19.16,46.8,296.88,5.79
Agadir,0,MA,1571813417,76,30.42,-9.58,284.15,2.6
Mitsamiouli,75,KM,1571813417,66,-11.38,43.28,303.15,2.6
Ravar,0,IR,1571813417,21,31.27,56.81,294.52,2.03
Terrace Bay,99,CA,1571813418,94,48.78,-87.1,279.23,2.58
Daru,88,PG,1571813418,81,-9.07,143.21,299.41,5.97
Mahebourg,40,MU,1571813418,78,-20.41,57.7,299.15,5.1
La Ronge,90,CA,1571813419,74,55.1,-105.3,274.15,4.6
Troy,90,US,1571813419,87,42.73,-73.69,286.48,2.1
Yangcun,52,CN,1571813419,53,29.98,118.17,297.59,0.52
Freeport,42,BS,1571813121,75,26.54,-78.7,300.69,2.06
Emba,20,CY,1571813420,50,34.81,32.42,297.15,2.1
Bacolod,99,PH,1571813420,76,10.68,122.95,301.35,1.76
Jining,74,CN,1571813420,33,35.41,116.58,298.05,0.72
Sao Joao da Barra,100,BR,1571813421,88,-21.64,-41.05,294.97,5.04
Aklavik,90,CA,1571813421,92,68.22,-135.01,266.15,1.5
Cienfuegos,20,CU,1571813421,94,22.15,-80.44,298.15,3.1
Svetlaya,0,RU,1571813421,55,46.54,138.33,286.28,2.83
Cap Malheureux,40,MU,1571813422,78,-19.98,57.61,299.15,5.1
Baruun-Urt,100,MN,1571813422,72,46.68,113.28,271.84,6.06
Namatanai,0,PG,1571813423,71,-3.66,152.44,302.85,6.88
Acapulco,75,MX,1571813423,83,16.86,-99.88,300.15,2.1
Northam,75,AU,1571813423,64,-31.65,116.67,294.15,8.2
Tateyama,75,JP,1571813424,64,36.66,137.31,294.82,3.6
Itoman,20,JP,1571813424,69,26.12,127.67,300.15,7.2
Tumbagaan,89,PH,1571813424,64,5.37,120.31,302.84,2.27
Aljezur,34,PT,1571813425,95,37.31,-8.8,287.04,7.73
Ankazobe,20,MG,1571813425,57,-18.32,47.12,297.15,4.1
Pryshyb,91,UA,1571813425,66,49.02,37.65,285.9,1.23
Dera Bugti,0,PK,1571813426,15,29.03,69.15,302.72,2.42
Along,93,IN,1571813426,78,28.17,94.8,295.47,0.68
Smirnykh,31,RU,1571813426,44,49.74,142.83,280.83,5.92
Dali,18,CN,1571813427,50,34.79,109.94,293.57,2.95
San Pedro,16,AR,1571813427,88,-33.68,-59.66,283.71,0.89
Xingcheng,10,CN,1571813427,37,40.62,120.71,294.11,5.24
Purranque,9,CL,1571813428,99,-40.91,-73.16,276.76,1.61
Dariba,20,IN,1571813428,32,24.95,74.13,302.15,2.1
Stokmarknes,75,NO,1571813428,86,68.56,14.91,278.71,6.2
Japura,60,ID,1571813429,41,-0.42,102.29,307.2,2.42
Pasighat,93,IN,1571813429,56,28.06,95.33,299.59,1.1
Altamont,90,CA,1571813429,86,49.4,-98.5,275.37,4.1
Waipawa,73,NZ,1571813430,65,-39.94,176.59,280.85,3.87
Neka,90,IR,1571813430,88,36.65,53.3,291.15,4.1
Garowe,0,SO,1571813430,59,8.41,48.48,299.93,3.53
Los Llanos de Aridane,75,ES,1571813431,68,28.66,-17.92,292.15,4.1
Yar-Sale,4,RU,1571813431,86,66.83,70.83,264.72,2.76
Bethel,75,US,1571813431,82,60.79,-161.76,277.15,11.8
Koutiala,52,ML,1571813431,78,12.39,-5.46,297.82,2.25
Taloqan,0,AF,1571813432,22,36.74,69.54,287.17,2.42
Den Helder,90,NL,1571813388,100,52.96,4.76,284.82,2.6
Lamu,18,CN,1571813432,33,35.77,102.37,284.93,2.68
Edd,0,ER,1571813433,20,13.93,41.69,306.64,7.68
Pisco,71,PE,1571813433,87,-13.71,-76.2,285.93,1.5
Kotelnich,100,RU,1571813433,91,58.31,48.34,279.04,7.01
Isalnita,0,RO,1571813433,93,44.4,23.73,285.93,1.0
Lashio,82,MM,1571813434,71,22.93,97.75,298.41,1.51
Zharkent,7,KZ,1571813434,25,44.17,80.0,287.05,4.26
Kilindoni,33,TZ,1571813434,82,-7.91,39.67,300.5,7.01
Kamaishi,40,JP,1571813435,60,39.28,141.86,293.15,4.6
Ahipara,18,NZ,1571813435,87,-35.17,173.16,284.82,13.32
Kalmunai,100,LK,1571813435,72,7.42,81.82,301.13,2.18
Abu Samrah,2,SY,1571813436,47,35.3,37.18,294.19,3.63
Guerrero Negro,0,MX,1571813436,55,27.97,-114.04,295.04,4.57
Pangnirtung,60,CA,1571813436,71,66.15,-65.72,270.87,2.38
Santa Barbara,1,US,1571813436,54,34.42,-119.7,294.26,1.5
Muros,40,ES,1571813437,100,42.77,-9.06,289.26,1.0
Bonthe,100,SL,1571813437,87,7.53,-12.5,298.89,2.46
Bartica,20,GY,1571813437,100,6.41,-58.62,297.15,1.0
Kisangani,75,CD,1571813437,83,0.52,25.21,298.15,0.97
Ierapetra,75,GR,1571813438,73,35.01,25.74,297.59,4.6
Khuzhir,4,RU,1571813438,60,53.19,107.35,271.81,5.06
Moose Factory,40,CA,1571813438,81,51.26,-80.61,282.15,6.2
Caravelas,100,BR,1571813439,95,-17.73,-39.27,296.0,2.72
Lompoc,1,US,1571813439,66,34.64,-120.46,292.04,1.5
Tambovka,7,RU,1571813439,52,47.32,47.38,286.96,3.73
Nazilli,0,TR,1571813439,59,37.91,28.32,291.15,2.1
Carandai,78,BR,1571813440,94,-20.95,-43.81,290.09,2.91
Kawalu,100,ID,1571813440,31,-7.38,108.21,305.34,3.91
Dingle,36,PH,1571813440,73,11.0,122.67,302.79,3.11
Wajir,6,KE,1571813441,60,1.75,40.07,302.6,6.7
Kudahuvadhoo,73,MV,1571813441,74,2.67,72.89,300.99,5.82
Hambantota,40,LK,1571813441,75,6.12,81.12,305.15,1.5
Bani Walid,0,LY,1571813441,76,31.76,14.0,290.35,4.2
Usinsk,100,RU,1571813442,95,66.0,57.56,270.25,10.76
Novoagansk,100,RU,1571813442,97,61.94,76.66,273.67,7.11
Laje,86,BR,1571813442,93,-13.18,-39.42,294.36,0.85
Mezhdurechensk,87,RU,1571813442,67,53.69,88.07,273.02,1.97
Mazatlan,40,MX,1571813443,88,23.22,-106.42,301.48,4.96
Mackay,90,CA,1571813443,80,53.65,-115.58,275.15,6.2
Yulara,52,AU,1571813443,6,-25.24,130.99,310.15,5.7
Dunedin,79,NZ,1571813444,51,-45.87,170.5,284.82,0.89
Merauke,56,ID,1571813444,55,-8.49,140.4,305.32,4.93
Curillo,100,CO,1571813444,96,1.03,-75.92,294.34,0.69
Dalvik,75,SE,1571813444,87,57.79,14.13,282.15,4.6
Tiznit,3,MA,1571813445,94,29.7,-9.73,281.87,3.0
Corn Island,100,NI,1571813445,73,12.17,-83.04,301.12,0.85
Yatou,75,CM,1571813445,100,3.63,9.81,298.15,1.0
Timbuktu,29,ML,1571813446,29,16.77,-3.01,305.21,3.45
Owando,67,CG,1571813446,91,-0.49,15.91,295.59,1.14
Hualmay,92,PE,1571813446,86,-11.1,-77.61,287.05,1.3
Bundaberg,40,AU,1571813446,53,-24.87,152.35,298.15,7.2
Derna,2,RO,1571813447,81,47.2,22.31,287.04,3.1
Port Macquarie,17,AU,1571813447,53,-31.43,152.91,299.82,6.7
Samarai,93,PG,1571813447,88,-10.62,150.67,297.5,2.9
Pokrovskoye,52,RU,1571813448,57,47.41,38.9,287.83,1.76
Shahrud,96,IR,1571813448,56,36.42,54.97,286.45,2.06
Olhao,20,PT,1571813448,87,37.03,-7.84,287.04,2.1
Springdale,1,US,1571813449,70,36.19,-94.13,281.15,3.1
Okato,0,NZ,1571813449,79,-39.19,173.88,280.93,6.76
Manokwari,25,ID,1571813449,77,-0.87,134.08,299.66,2.01
Marzuq,2,YE,1571813449,25,14.4,46.47,298.67,0.66
Bahawalnagar,0,PK,1571813450,10,29.99,73.25,307.11,4.06
Parana,13,BR,1571813450,95,-7.52,-72.89,295.33,1.1
Oblivskaya,0,RU,1571813451,65,48.54,42.5,287.14,1.62
Tulsipur,23,IN,1571813451,45,27.53,82.41,300.96,0.43
Coihaique,14,CL,1571813451,94,-45.58,-72.07,276.15,2.1
Mumford,100,GH,1571813452,96,5.26,-0.76,295.63,1.34
Jawhar,100,IN,1571813452,84,19.91,73.23,298.34,0.4
Kindu,75,CD,1571813452,83,-2.95,25.92,297.63,0.84
Kyaikto,5,MM,1571813453,66,17.31,97.01,304.01,2.41
Basco,1,US,1571813453,75,40.33,-91.2,279.26,3.1
Inyonga,3,TZ,1571813453,60,-6.72,32.06,297.64,3.16
Dongobesh,71,TZ,1571813454,80,-4.07,35.37,290.35,4.33
Abu Dhabi,0,AE,1571813454,70,24.47,54.37,304.15,2.6
Sungaipenuh,94,ID,1571813454,39,-2.08,101.38,298.66,2.96
Canavieiras,99,BR,1571813455,92,-15.68,-38.95,297.35,3.64
Mount Isa,40,AU,1571813455,18,-20.73,139.49,307.15,4.6
Waingapu,69,ID,1571813455,79,-9.65,120.26,300.16,5.48
Oga,53,IT,1571813455,60,46.46,10.35,284.82,1.0
Cheney,1,US,1571813165,61,47.49,-117.58,280.37,3.6
Birjand,14,IR,1571813156,16,32.86,59.22,293.15,2.47
Cervo,33,BR,1571813456,96,-22.19,-46.24,288.18,0.99
Lodwar,41,KE,1571813457,49,3.12,35.6,302.66,2.72
Riverton,40,US,1571813457,86,43.02,-108.38,276.48,8.2
Panama City,1,US,1571813457,48,30.16,-85.65,290.15,4.1
Maumere,63,ID,1571813457,60,-8.63,122.22,301.59,3.94
Tungor,100,RU,1571813458,71,53.39,142.95,278.44,9.53
Prince Rupert,90,CA,1571813458,93,54.32,-130.32,281.15,2.6
Show Low,1,US,1571813458,47,34.25,-110.03,277.59,2.35
Popondetta,100,PG,1571813459,95,-8.77,148.24,293.0,0.42
Ust-Nera,92,RU,1571813459,99,64.57,143.24,252.87,1.19
Tandil,83,AR,1571813459,83,-37.33,-59.14,282.59,2.68
Takoradi,100,GH,1571813459,88,4.89,-1.75,298.06,3.1
Banda Aceh,52,ID,1571813357,80,5.56,95.32,301.32,1.9
Cururupu,43,BR,1571813460,98,-1.82,-44.87,294.52,0.2
Ibiruba,63,BR,1571813460,94,-28.63,-53.09,284.89,2.51
Saint-Joseph,59,FR,1571813461,47,43.56,6.97,297.15,4.6
Skeldon,8,GY,1571813461,80,5.88,-57.13,300.62,5.71
Flinders,0,AU,1571813461,60,-34.58,150.85,300.93,5.1
Avare,11,BR,1571813461,94,-23.1,-48.93,288.94,5.42
Domna,40,RU,1571813462,31,51.9,113.16,274.15,8.0
Adrar,0,DZ,1571813462,26,27.87,-0.29,289.15,2.1
Miraflores,0,PE,1571813463,43,-16.39,-71.52,283.15,2.1
Sioux Lookout,90,CA,1571813463,96,50.1,-91.92,274.15,5.7
Denpasar,20,ID,1571813420,79,-8.65,115.22,303.15,2.6
Whitehorse,20,CA,1571813463,79,60.72,-135.06,271.15,6.2
Dwarka,0,IN,1571813464,45,28.58,77.04,303.15,2.6
Batagay-Alyta,100,RU,1571813464,95,67.8,130.41,263.12,0.79
Westerland,90,NL,1571813464,100,52.89,4.93,283.15,2.6
Digoin,90,FR,1571813465,93,46.48,3.98,286.15,2.1
Hovd,75,NO,1571813465,86,63.83,10.7,278.71,3.1
Myitkyina,6,MM,1571813465,46,25.38,97.4,305.51,0.66
Wanning,75,AT,1571813466,100,48.64,13.53,287.04,1.0
Misratah,1,LY,1571813466,72,32.38,15.09,295.55,5.53
Ixtapa,90,MX,1571813466,88,20.71,-105.21,298.71,4.1
Vigrestad,75,NO,1571813466,87,58.57,5.7,284.26,4.1
Kaputa,85,ZM,1571813467,73,-8.47,29.66,296.76,1.1
Hobyo,16,SO,1571813467,64,5.35,48.53,301.91,5.12
Nadym,79,RU,1571813467,91,65.53,72.51,268.06,5.87
Lagos,40,NG,1571813175,94,6.46,3.39,297.15,2.1
Port Hardy,5,CA,1571813468,93,50.7,-127.42,278.15,2.1
Havelock,40,US,1571813468,88,34.88,-76.9,294.15,4.1
Matamoros,1,US,1571813418,73,25.87,-97.51,298.15,3.1
Glen Cove,90,US,1571813426,93,40.86,-73.63,291.48,5.1
Zhangye,83,CN,1571813469,60,38.94,100.46,278.8,7.83
Sola,0,TZ,1571813469,53,-3.17,33.8,297.77,2.95
Rome,82,IT,1571812898,87,41.89,12.48,291.48,1.5
Ondarroa,75,ES,1571813470,100,43.32,-2.42,286.15,1.5
Livramento,40,BR,1571813470,88,-3.03,-60.18,298.15,1.0
Sistranda,75,NO,1571813471,93,63.73,8.83,278.71,4.6
Sambava,64,MG,1571813471,52,-14.27,50.17,303.64,1.44
Semirom,10,IR,1571813471,33,31.41,51.57,287.52,3.63
Puerto Escondido,32,MX,1571813472,92,15.86,-97.07,294.34,1.29
Riyadh,0,SA,1571813333,22,24.63,46.72,305.15,1.0
Tarakan,40,ID,1571813458,70,3.3,117.63,304.15,1.5
Jiazi,0,CN,1571813472,55,19.61,110.49,304.15,4.0
Atambua,27,ID,1571813472,48,-9.11,124.89,302.36,3.15
Thul,0,PK,1571813473,43,28.24,68.77,305.15,2.42
Kruisfontein,50,ZA,1571813473,66,-34.0,24.73,288.98,11.23
Port Lincoln,0,AU,1571813473,29,-34.72,135.86,299.38,4.63
Taltal,30,CL,1571813474,95,-25.41,-70.49,282.9,0.68
Vostok,0,RU,1571813474,44,46.45,135.83,281.55,3.0
Vagay,100,RU,1571813474,81,57.94,69.02,273.64,3.37
Inuvik,90,CA,1571813474,92,68.36,-133.71,266.15,1.5
Entre Rios,69,BR,1571813475,82,-11.94,-38.08,296.29,2.3
Rio Brilhante,0,BR,1571813475,73,-21.8,-54.54,288.87,1.42
Batagay,92,RU,1571813475,88,67.65,134.64,259.21,0.38
Balad,100,ID,1571813475,26,-6.76,108.42,308.41,2.16
Faanui,12,PF,1571813476,70,-16.48,-151.75,300.15,3.03
Mayumba,16,GA,1571813476,88,-3.44,10.65,298.76,2.46
Goma,64,CD,1571813476,93,-1.67,29.23,288.25,0.77
Abnub,2,EG,1571813477,73,27.27,31.15,294.15,2.6
Santa Maria,20,BR,1571813477,83,-16.02,-48.01,294.15,1.0
Casper,90,US,1571813402,69,42.87,-106.31,276.15,8.7
Oistins,40,BB,1571813477,78,13.07,-59.53,300.15,5.7
Quatre Cocos,40,MU,1571813478,78,-20.21,57.76,299.15,5.1
Husavik,100,CA,1571813478,90,50.56,-96.99,274.26,4.92
Sorland,75,NO,1571813478,80,67.67,12.69,278.15,8.7
Cuencame,9,MX,1571813479,59,24.87,-103.7,291.83,1.12
Nizhniy Odes,100,RU,1571813479,93,63.64,54.86,272.31,6.01
Abalak,2,NE,1571813479,19,15.46,6.28,301.64,6.18
Talcahuano,0,CL,1571813479,93,-36.72,-73.12,282.15,2.6
Malaya Purga,100,RU,1571813480,85,56.55,53.01,275.37,0.89
Maanshan,85,CN,1571813480,41,31.7,118.5,297.15,2.0
Shudayag,100,RU,1571813480,96,63.53,53.61,273.64,6.0
Campo Maior,43,BR,1571813481,79,-4.83,-42.16,296.87,1.85
Bulgan,9,MN,1571813481,72,48.81,103.53,268.54,1.31
Hay River,75,CA,1571813481,76,60.82,-115.79,273.15,3.6
Oil City,1,US,1571813482,75,41.43,-79.71,281.15,3.1
Praia da Vitoria,75,PT,1571813482,88,38.73,-27.07,292.15,7.55
Uvat,100,RU,1571813482,77,59.14,68.9,272.67,3.96
Guanica,14,PR,1571813483,90,17.97,-66.91,298.15,1.41
Marsh Harbour,51,BS,1571813483,76,26.54,-77.06,300.15,2.35
Tocopilla,0,CL,1571813483,18,-22.09,-70.2,280.86,1.68
Casas Grandes,0,MX,1571813484,33,30.15,-110.24,290.42,1.42
Byron Bay,0,AU,1571813484,56,-28.65,153.62,300.15,5.1
Hengyang,100,CN,1571813484,66,26.89,112.6,294.43,2.78
Sao Geraldo do Araguaia,100,BR,1571813485,95,-6.4,-48.55,295.27,1.09
Shache,100,CN,1571813485,98,38.42,77.24,284.26,5.38
Inirida,1,CO,1571813485,91,3.87,-67.92,295.84,0.86
Buraydah,100,SA,1571813485,29,26.33,43.97,299.15,3.6
Vilhena,9,BR,1571813486,90,-12.74,-60.15,293.89,0.69
Cam Ranh,20,VN,1571813486,70,11.92,109.15,305.15,5.7
Neapolis,1,US,1571813486,100,35.71,-86.98,283.71,2.69
Sisimiut,28,GL,1571813487,63,66.94,-53.67,268.34,2.33
Mahibadhoo,100,MV,1571813487,76,3.78,72.97,301.21,5.11
Borujerd,35,IR,1571813487,71,33.89,48.76,292.15,0.5
Lahaina,40,US,1571813487,61,20.87,-156.68,300.15,6.7
Bara,48,NG,1571813488,79,10.41,10.6,297.39,1.92
Campbell River,20,CA,1571813345,75,50.02,-125.24,281.15,2.6
Aksarka,32,RU,1571813488,88,66.56,67.8,265.75,3.79
Nouakchott,35,MR,1571813488,43,18.08,-15.98,294.15,6.7
Codrington,0,AU,1571813489,47,-28.95,153.24,300.15,6.7
Copiapo,90,CL,1571813489,76,-27.37,-70.33,287.15,2.1
Mayo,5,CA,1571813489,92,63.59,-135.9,266.15,1.0
Sibolga,64,ID,1571813265,63,1.74,98.78,302.38,2.15
Madaoua,63,NE,1571813490,21,14.07,5.96,302.09,4.3
Rio Gallegos,78,AR,1571813490,86,-51.62,-69.22,278.15,1.5
Alta Floresta,61,BR,1571813491,86,-9.87,-56.08,295.52,1.3
Verkhnyaya Inta,100,RU,1571813491,84,65.99,60.32,269.68,3.87
Diffa,25,NE,1571813491,21,13.32,12.61,301.91,3.77
Santa Cruz,18,BR,1571813491,97,-6.22,-36.02,293.09,1.0
Uddevalla,75,SE,1571813198,87,58.35,11.94,284.82,4.6
Naze,100,NG,1571813492,94,5.43,7.07,296.5,1.2
Shelburne,75,CA,1571813401,75,44.08,-80.2,282.15,3.6
Amapa,75,HN,1571813492,88,15.09,-87.97,298.15,2.6
Sangar,92,RU,1571813493,88,63.92,127.47,265.75,2.39
Mazamari,100,PE,1571813493,93,-11.33,-74.53,288.99,1.31
Benicarlo,61,ES,1571813493,92,40.42,0.43,282.59,4.76
Isakly,95,RU,1571813494,79,54.13,51.53,279.1,3.77
Vila Velha,20,BR,1571813494,83,-3.71,-38.6,298.15,2.1
Pontes e Lacerda,78,BR,1571813494,94,-15.23,-59.33,294.51,0.44
Sinnamary,30,GF,1571813495,82,5.38,-52.96,300.13,5.14
Grand-Santi,26,GF,1571813495,99,4.27,-54.38,294.73,0.49
Mabaruma,2,GY,1571813495,99,8.2,-59.78,295.58,0.84
Coquimbo,90,CL,1571813495,87,-29.95,-71.34,287.04,2.6
Tazovskiy,100,RU,1571813496,97,67.47,78.7,271.27,0.81
Batie,24,FR,1571813496,93,45.06,5.82,287.59,2.1
Puqi,100,CN,1571813496,79,29.72,113.88,289.67,0.76
Anloga,20,GH,1571813497,88,5.79,0.9,299.15,2.6
Ambulu,35,ID,1571813497,87,-8.35,113.61,298.43,6.31
Ballyshannon,100,IE,1571813497,87,54.5,-8.19,283.71,5.81
Iskateley,100,RU,1571813497,97,67.68,53.15,271.34,4.77
Sacramento,1,US,1571813495,59,38.58,-121.49,292.59,0.62
Roswell,1,US,1571813498,49,33.39,-104.52,285.15,3.1
Havoysund,75,NO,1571813498,64,71.0,24.66,274.15,10.8
Wenling,82,CN,1571813499,76,28.38,121.38,301.48,3.9
Paso de Carrasco,0,UY,1571813499,81,-34.86,-56.05,286.48,1.5
Crib Point,0,AU,1571813499,56,-38.35,145.2,300.93,0.93
Katherine,18,AU,1571813499,13,-14.47,132.26,310.15,3.6
Bulungu,97,CD,1571813500,93,-4.54,18.6,296.48,0.85
Itarema,24,BR,1571813500,96,-2.92,-39.92,294.17,1.93
Itaituba,38,BR,1571813500,81,-4.26,-55.99,295.22,0.31
Micheweni,0,TZ,1571813501,83,-4.97,39.83,300.16,2.78
Huilong,23,CN,1571813501,63,31.15,106.5,294.63,2.45
Tulancingo,98,MX,1571813501,97,20.08,-98.36,284.16,2.25
Isla Mujeres,90,MX,1571813501,100,21.23,-86.73,298.15,3.1
Yerbogachen,65,RU,1571813502,64,61.28,108.01,268.34,2.52
Kaeo,48,NZ,1571813502,87,-35.1,173.78,284.82,8.54
Tiksi,0,RU,1571813502,89,71.64,128.87,256.92,3.47
Tigil,0,RU,1571813503,81,57.8,158.67,267.58,3.24
